{
    "buffs": {
        "Buffs_Multivitamin":[
          {
            "BuffType": "StaminaRate",
            "Chance": 1,
            "Delay": 1,
            "Duration": 900,
            "Value": 0.08,
            "AbsoluteValue": true,
            "SkillName": ""
          },
          {
            "BuffType": "HealthRate",
            "Chance": 1,
            "Delay": 1,
            "Duration": 900,
            "Value": 0.112,
            "AbsoluteValue": true,
            "SkillName": ""
          },
          {
            "BuffType": "SkillRate",
            "Chance": 1,
            "Delay": 1,
            "Duration": 900,
            "Value": 1,
            "AbsoluteValue": true,
            "SkillName": "Immunity"
          },
          {
            "BuffType": "SkillRate",
            "Chance": 1,
            "Delay": 1,
            "Duration": 900,
            "Value": 1,
            "AbsoluteValue": true,
            "SkillName": "Health"
          },
          {
            "BuffType": "SkillRate",
            "Chance": 1,
            "Delay": 1,
            "Duration": 900,
            "Value": 1,
            "AbsoluteValue": true,
            "SkillName": "Endurance"
          },
          {
            "BuffType": "SkillRate",
            "Chance": 1,
            "Delay": 1,
            "Duration": 900,
            "Value": 1,
            "AbsoluteValue": true,
            "SkillName": "Memory"
          },
          {
            "BuffType": "SkillRate",
            "Chance": 1,
            "Delay": 1,
            "Duration": 900,
            "Value": 1,
            "AbsoluteValue": true,
            "SkillName": "Metabolism"
          },
          {
            "BuffType": "SkillRate",
            "Chance": 1,
            "Delay": 1,
            "Duration": 900,
            "Value": 1,
            "AbsoluteValue": true,
            "SkillName": "Vitality"
          }
        ]   
      }
}