{
    "Items": [
        {
            "Id": "J_Vitamins",
            "ParentId": "5b47574386f77428ca22b337",
            "Price": 26806.92
        },
        {
            "Id": "Tracer_Buckshot",
            "ParentId": "5b47574386f77428ca22b33b",
            "Price": 111
        },
        {
            "Id": "J_Ruger",
            "ParentId": "5b5f78e986f77447ed5636b1",
            "Price": 37933
        },
        {
            "Id": "22_Standard_Velocity",
            "ParentId": "5b47574386f77428ca22b33b",
            "Price": 48.3
        },
        {
            "Id": "22_High_Velocity",
            "ParentId": "5b47574386f77428ca22b33b",
            "Price": 62.66
        },
        {
            "Id": "22_Hyper_Velocity",
            "ParentId": "5b47574386f77428ca22b33b",
            "Price": 65
        },
        {
            "Id": "22_Subsonic",
            "ParentId": "5b47574386f77428ca22b33b",
            "Price": 35.88
        },
        {
            "Id": "22_Green_Tracer",
            "ParentId": "5b47574386f77428ca22b33b",
            "Price": 50.37
        },
        {
            "Id": "22_Red_Tracer",
            "ParentId": "5b47574386f77428ca22b33b",
            "Price": 50.37
        },
        {
            "Id": "22_Yellow_Tracer",
            "ParentId": "5b47574386f77428ca22b33b",
            "Price": 50.37
        },
        {
            "Id": "22_AP",
            "ParentId": "5b47574386f77428ca22b33b",
            "Price": 97.69
        },
        {
            "Id": "Ash_12_Gauge",
            "ParentId": "5b47574386f77428ca22b33b",
            "Price": 51200
        },
        {
            "Id": "22_Barrel_510mm",
            "ParentId": "5b5f75c686f774094242f19f",
            "Price": 6983
        },
        {
            "Id": "Ruger_45_Mag",
            "ParentId": "5b5f754a86f774094242f19b",
            "Price": 3382
        }
    ]
}