{
    "J_Vitamins": {
        "_id": "J_Vitamins",
        "_name": "J_Vitamins",
        "_parent": "5448f3a14bdc2d27728b4569",
        "_type": "Item",
        "_props": {
            "Name": "Multi-Vitamins",
            "ShortName": "M.Vitamins",
            "Description": "",
            "Weight": 0.01,
            "BackgroundColor": "red",
            "Width": 1,
            "Height": 1,
            "StackMaxSize": 1,
            "Rarity": "Rare",
            "CreditsPrice": 26806.92,
            "ItemSound": "med_pills",
            "Prefab": {
                "path": "assets/content/items/barter/item_barter_medical_vitamins/item_barter_medical_vitamins.bundle",
                "rcid": ""
            },
            "UsePrefab": {
                "path": "assets/content/weapons/usable_items/item_ibuprofen/item_ibuprofen_container.bundle",
                "rcid": ""
            },
            "StackObjectsCount": 1,
            "NotShownInSlot": false,
            "ExaminedByDefault": false,
            "ExamineTime": 1,
            "IsUndiscardable": false,
            "IsUnsaleable": false,
            "IsUnbuyable": false,
            "IsUngivable": false,
            "IsLockedafterEquip": false,
            "QuestItem": false,
            "LootExperience": 20,
            "MaxHpResource": 12,
            "ExamineExperience": 8,
            "HideEntrails": false,
            "RepairCost": 0,
            "RepairSpeed": 0,
            "ExtraSizeLeft": 0,
            "ExtraSizeRight": 0,
            "ExtraSizeUp": 0,
            "ExtraSizeDown": 0,
            "ExtraSizeForceAdd": false,
            "MergesWithChildren": false,
            "CanSellOnRagfair": true,
            "CanRequireOnRagfair": true,
            "ConflictingItems": [],
            "Unlootable": false,
            "UnlootableFromSlot": "FirstPrimaryWeapon",
            "UnlootableFromSide": [],
            "AnimationVariantsNumber": 0,
            "DiscardingBlock": false,
            "RagFairCommissionModifier": 1,
            "IsAlwaysAvailableForInsurance": false,
            "DiscardLimit": 2,
            "DropSoundType": "None",
            "medUseTime": 5,
            "medEffectType": "duringUse",
            "StimulatorBuffs": "Buffs_Multivitamin",
            "effects_health": [],
            "effects_damage": []
        },
        "_orig": "5af0548586f7743a532b7e99",
        "_proto": "544fb37f4bdc2dee738b4567",
        "type": "Item"
    },
   
    "Tracer_Buckshot": {
        "_id": "Tracer_Buckshot",
        "_name": "5.25mm Tracer Buckshot",
        "_parent": "5485a8684bdc2da71d8b4567",
        "_props": {
            "AmmoLifeTimeSec": 5,
            "AnimationVariantsNumber": 0,
            "ArmorDamage": 15,
            "ArmorDistanceDistanceDamage": {
              "x": 0,
              "y": 0,
              "z": 0
            },
            "BackgroundColor": "yellow",
            "BallisticCoeficient": 0.025,
            "Blindness": {
              "x": 0,
              "y": 0,
              "z": 0
            },
            "BulletDiameterMilimeters": 5.25,
            "BulletMassGram": 0.74,
            "Caliber": "Caliber12g",
            "CanRequireOnRagfair": false,
            "CanSellOnRagfair": true,
            "ConflictingItems": [],
            "Contusion": {
              "x": 0,
              "y": 0,
              "z": 0
            },
            "Damage": 9,
            "Description": "12x70 Buckshot",
            "Deterioration": 1,
            "DiscardLimit": -1,
            "DiscardingBlock": false,
            "DropSoundType": "None",
            "DurabilityBurnModificator": 1,
            "ExamineExperience": 10,
            "ExamineTime": 1,
            "ExaminedByDefault": true,
            "ExplosionStrength": 0,
            "ExplosionType": "",
            "ExtraSizeDown": 0,
            "ExtraSizeForceAdd": false,
            "ExtraSizeLeft": 0,
            "ExtraSizeRight": 0,
            "ExtraSizeUp": 0,
            "FragmentType": "5996f6d686f77467977ba6cc",
            "FragmentationChance": 0,
            "FragmentsCount": 0,
            "FuzeArmTimeSec": 0,
            "HasGrenaderComponent": false,
            "HeatFactor": 1,
            "HeavyBleedingDelta": 0.05,
            "Height": 1,
            "HideEntrails": false,
            "InitialSpeed": 150,
            "InsuranceDisabled": false,
            "IsAlwaysAvailableForInsurance": false,
            "IsLightAndSoundShot": false,
            "IsLockedafterEquip": false,
            "IsSpecialSlotOnly": false,
            "IsUnbuyable": false,
            "IsUndiscardable": false,
            "IsUngivable": false,
            "IsUnremovable": false,
            "IsUnsaleable": false,
            "ItemSound": "ammo_shotgun",
            "LightAndSoundShotAngle": 0,
            "LightAndSoundShotSelfContusionStrength": 0,
            "LightAndSoundShotSelfContusionTime": 0,
            "LightBleedingDelta": 0.10,
            "LootExperience": 1,
            "MalfFeedChance": 0.01,
            "MalfMisfireChance": 0.266,
            "MaxExplosionDistance": 0,
            "MaxFragmentsCount": 1,
            "MergesWithChildren": false,
            "MinExplosionDistance": 0,
            "MinFragmentsCount": 1,
            "MisfireChance": 0.01,
            "Name": "5.25mm Tracer Buckshot",
            "NotShownInSlot": false,
            "PenetrationChance": 0.02,
            "PenetrationPower": 1,
            "PenetrationPowerDiviation": 1,
            "Prefab": {
              "path": "assets/content/items/ammo/patrons/patron_26x75_yellow.bundle",
              "rcid": ""
            },
            "ProjectileCount": 40,
            "QuestItem": false,
            "QuestStashMaxCount": 0,
            "RagFairCommissionModifier": 1,
            "RemoveShellAfterFire": false,
            "RepairCost": 0,
            "RepairSpeed": 0,
            "RicochetChance": 0.5,
            "ShortName": "12x70",
            "ShowBullet": false,
            "ShowHitEffectOnExplode": false,
            "SpeedRetardation": 0.00013,
            "StackMaxRandom": 30,
            "StackMaxSize": 120,
            "StackMinRandom": 3,
            "StackObjectsCount": 1,
            "StaminaBurnPerDamage": 0.0576,
            "Tracer": true,
            "TracerColor": "yellow",
            "TracerDistance": 0,
            "Unlootable": false,
            "UnlootableFromSide": [],
            "UnlootableFromSlot": "FirstPrimaryWeapon",
            "UsePrefab": {
              "path": "",
              "rcid": ""
            },
            "Weight": 0.044,
            "Width": 1,
            "ammoAccr": 25,
            "ammoDist": 0,
            "ammoHear": 0,
            "ammoRec": 0,
            "ammoSfx": "standart",
            "ammoShiftChance": 0,
            "ammoType": "buckshot",
            "buckshotBullets": 40,
            "casingEjectPower": 0,
            "casingMass": 0,
            "casingName": "12x70 Buckshot",
            "casingSounds": "shotgun_big"
          },
          "_proto": "560d5e524bdc2d25448b4571",
          "_type": "Item"
      },
      "WIP_Ammo": {
        "_id": "WIP_Ammo",
        "_name": "5.25mm Tracer Buckshot",
        "_parent": "5485a8684bdc2da71d8b4567",
        "_props": {
            "AmmoLifeTimeSec": 10,
            "AnimationVariantsNumber": 0,
            "ArmorDamage": 15,
            "ArmorDistanceDistanceDamage": {
              "x": 0,
              "y": 0,
              "z": 0
            },
            "BackgroundColor": "yellow",
            "BallisticCoeficient": 0.99,
            "Blindness": {
              "x": 0,
              "y": 0,
              "z": 0
            },
            "BulletDiameterMilimeters": 5.25,
            "BulletMassGram": 0.75,
            "Caliber": "Caliber12g",
            "CanRequireOnRagfair": false,
            "CanSellOnRagfair": true,
            "ConflictingItems": [],
            "Contusion": {
              "x": 0,
              "y": 0,
              "z": 0
            },
            "Damage": 9,
            "Description": "12x70 Buckshot",
            "Deterioration": 1,
            "DiscardLimit": -1,
            "DiscardingBlock": false,
            "DropSoundType": "None",
            "DurabilityBurnModificator": 1,
            "ExamineExperience": 10,
            "ExamineTime": 1,
            "ExaminedByDefault": true,
            "ExplosionStrength": 0,
            "ExplosionType": "",
            "ExtraSizeDown": 0,
            "ExtraSizeForceAdd": false,
            "ExtraSizeLeft": 0,
            "ExtraSizeRight": 0,
            "ExtraSizeUp": 0,
            "FragmentType": "5996f6d686f77467977ba6cc",
            "FragmentationChance": 0,
            "FragmentsCount": 0,
            "FuzeArmTimeSec": 0,
            "HasGrenaderComponent": false,
            "HeatFactor": 1,
            "HeavyBleedingDelta": 0.05,
            "Height": 1,
            "HideEntrails": false,
            "InitialSpeed": 150,
            "InsuranceDisabled": false,
            "IsAlwaysAvailableForInsurance": false,
            "IsLightAndSoundShot": false,
            "IsLockedafterEquip": false,
            "IsSpecialSlotOnly": false,
            "IsUnbuyable": false,
            "IsUndiscardable": false,
            "IsUngivable": false,
            "IsUnremovable": false,
            "IsUnsaleable": false,
            "ItemSound": "ammo_shotgun",
            "LightAndSoundShotAngle": 0,
            "LightAndSoundShotSelfContusionStrength": 0,
            "LightAndSoundShotSelfContusionTime": 0,
            "LightBleedingDelta": 0.10,
            "LootExperience": 1,
            "MalfFeedChance": 0.01,
            "MalfMisfireChance": 0.266,
            "MaxExplosionDistance": 0,
            "MaxFragmentsCount": 1,
            "MergesWithChildren": false,
            "MinExplosionDistance": 0,
            "MinFragmentsCount": 1,
            "MisfireChance": 0.01,
            "Name": "5.25mm Tracer Buckshot",
            "NotShownInSlot": false,
            "PenetrationChance": 0.02,
            "PenetrationPower": 1,
            "PenetrationPowerDiviation": 1,
            "Prefab": {
              "path": "assets/content/items/ammo/patrons/patron_26x75_yellow.bundle",
              "rcid": ""
            },
            "ProjectileCount": 80,
            "QuestItem": false,
            "QuestStashMaxCount": 0,
            "RagFairCommissionModifier": 1,
            "RemoveShellAfterFire": false,
            "RepairCost": 0,
            "RepairSpeed": 0,
            "RicochetChance": 0.5,
            "ShortName": "12x70",
            "ShotgunDispersion": 20,
            "ShowBullet": false,
            "ShowHitEffectOnExplode": false,
            "SpeedRetardation": 0.00013,
            "StackMaxRandom": 30,
            "StackMaxSize": 120,
            "StackMinRandom": 3,
            "StackObjectsCount": 1,
            "StaminaBurnPerDamage": 0.0576,
            "Tracer": true,
            "TracerColor": "red",
            "TracerDistance": 0,
            "Unlootable": false,
            "UnlootableFromSide": [],
            "UnlootableFromSlot": "FirstPrimaryWeapon",
            "UsePrefab": {
              "path": "",
              "rcid": ""
            },
            "Weight": 0.044,
            "Width": 1,
            "ammoAccr": 25,
            "ammoDist": 0,
            "ammoHear": 0,
            "ammoRec": 0,
            "ammoSfx": "standart",
            "ammoShiftChance": 0,
            "ammoType": "buckshot",
            "buckshotBullets": 80,
            "casingEjectPower": 0,
            "casingMass": 0,
            "casingName": "12x70 Buckshot",
            "casingSounds": "shotgun_big"
          },
          "_proto": "560d5e524bdc2d25448b4571",
          "_type": "Item"
      },

    "Golden_Watch": {
        "_id": "Golden_Watch",
        "_name": "Gold Pocket Watch",
        "_parent": "57864a3d24597754843f8721",
        "_props": {
          "AnimationVariantsNumber": 0,
          "BackgroundColor": "violet",
          "CanRequireOnRagfair": false,
          "CanSellOnRagfair": true,
          "ConflictingItems": [],
          "CreditsPrice": 48969,
          "Description": "A Gold Pocket Watch, Clearly valuable.",
          "DiscardLimit": 1,
          "DiscardingBlock": false,
          "DropSoundType": "None",
          "ExamineExperience": 100,
          "ExamineTime": 1,
          "ExaminedByDefault": true,
          "ExtraSizeDown": 0,
          "ExtraSizeForceAdd": false,
          "ExtraSizeLeft": 0,
          "ExtraSizeRight": 0,
          "ExtraSizeUp": 0,
          "Height": 1,
          "HideEntrails": false,
          "InsuranceDisabled": false,
          "IsAlwaysAvailableForInsurance": false,
          "IsLockedafterEquip": false,
          "IsSpecialSlotOnly": false,
          "IsUnbuyable": false,
          "IsUndiscardable": false,
          "IsUngivable": false,
          "IsUnremovable": false,
          "IsUnsaleable": false,
          "ItemSound": "jewelry",
          "LootExperience": 100,
          "MaxResource": 0,
          "MergesWithChildren": false,
          "Name": "Gold Pocket Watch",
          "NotShownInSlot": false,
          "Prefab": {
            "path": "assets/content/items/quest/item_quest_barter_valuable_watch/item_quest_barter_valuable_watch.bundle",
            "rcid": ""
          },
          "QuestItem": false,
          "QuestStashMaxCount": 0,
          "RagFairCommissionModifier": 1,
          "RepairCost": 0,
          "RepairSpeed": 0,
          "Resource": 0,
          "ShortName": "Gold Watch",
          "StackMaxSize": 1,
          "StackObjectsCount": 1,
          "Unlootable": false,
          "UnlootableFromSide": [],
          "UnlootableFromSlot": "FirstPrimaryWeapon",
          "UsePrefab": {
            "path": "",
            "rcid": ""
          },
          "Weight": 0.28,
          "Width": 1
        },
        "_proto": "573474f924597738002c6174",
        "_type": "Item"
    },

    "Silver_Watch": {
        "_id": "Silver_Watch",
        "_name": "Silver Pocket Watch",
        "_parent": "57864a3d24597754843f8721",
        "_props": {
          "AnimationVariantsNumber": 0,
          "BackgroundColor": "violet",
          "CanRequireOnRagfair": false,
          "CanSellOnRagfair": true,
          "ConflictingItems": [],
          "CreditsPrice": 35469,
          "Description": "A Silver Pocket Watch, Clearly valuable.",
          "DiscardLimit": 1,
          "DiscardingBlock": false,
          "DropSoundType": "None",
          "ExamineExperience": 100,
          "ExamineTime": 1,
          "ExaminedByDefault": true,
          "ExtraSizeDown": 0,
          "ExtraSizeForceAdd": false,
          "ExtraSizeLeft": 0,
          "ExtraSizeRight": 0,
          "ExtraSizeUp": 0,
          "Height": 1,
          "HideEntrails": false,
          "InsuranceDisabled": false,
          "IsAlwaysAvailableForInsurance": false,
          "IsLockedafterEquip": false,
          "IsSpecialSlotOnly": false,
          "IsUnbuyable": false,
          "IsUndiscardable": false,
          "IsUngivable": false,
          "IsUnremovable": false,
          "IsUnsaleable": false,
          "ItemSound": "jewelry",
          "LootExperience": 100,
          "MaxResource": 0,
          "MergesWithChildren": false,
          "Name": "Silver Pocket Watch",
          "NotShownInSlot": false,
          "Prefab": {
            "path": "assets/content/items/quest/item_quest_barter_valuable_watch/item_quest_barter_valuable_watch_silver.bundle",
            "rcid": ""
          },
          "QuestItem": false,
          "QuestStashMaxCount": 0,
          "RagFairCommissionModifier": 1,
          "RepairCost": 0,
          "RepairSpeed": 0,
          "Resource": 0,
          "ShortName": "Silver Watch",
          "StackMaxSize": 1,
          "StackObjectsCount": 1,
          "Unlootable": false,
          "UnlootableFromSide": [],
          "UnlootableFromSlot": "FirstPrimaryWeapon",
          "UsePrefab": {
            "path": "",
            "rcid": ""
          },
          "Weight": 0.28,
          "Width": 1
        },
        "_proto": "573474f924597738002c6174",
        "_type": "Item"
    },

    "J_Ruger": {
      "_id": "J_Ruger",
      "_name": "Ruger 10/22",
      "_parent": "5447b5e04bdc2d62278b4567",
      "_props": {
        "AdjustCollimatorsToTrajectory": false,
        "AimPlane": 0,
        "AimSensitivity": 0.65,
        "AllowFeed": true,
        "AllowJam": true,
        "AllowMisfire": true,
        "AllowOverheat": true,
        "AllowSlide": true,
        "AnimationVariantsNumber": 0,
        "BackgroundColor": "black",
        "BaseMalfunctionChance": 0.21505,
        "BoltAction": false,
        "BurstShotsCount": 1,
        "CameraRecoil": 0.1296,
        "CameraSnap": 2.2,
        "CanPutIntoDuringTheRaid": true,
        "CanQueueSecondShot": true,
        "CanRequireOnRagfair": false,
        "CanSellOnRagfair": true,
        "CantRemoveFromSlotsDuringRaid": [],
        "CenterOfImpact": 0.01,
        "Chambers": [
          {
            "_id": "61f7c9e189e6fb1a5e3ea791",
            "_mergeSlotWithChildren": false,
            "_name": "patron_in_weapon",
            "_parent": "J_Ruger",
            "_props": {
              "filters": [
                {
                  "Filter": [ 
                    "22_Standard_Velocity",
                    "22_High_Velocity",
                    "22_Hyper_Velocity",
                    "22_Subsonic",
                    "22_Red_Tracer",
                    "22_Yellow_Tracer",
                    "22_Green_Tracer",
                    "22_AP"
                  ]
                }
              ]
            },
            "_proto": "55d4af244bdc2d962f8b4571",
            "_required": false
          }
        ],
        "CompactHandling": false,
        "ConflictingItems": [],
        "Convergence": 1.2,
        "CoolFactorGun": 5.76,
        "CoolFactorGunMods": 1.02,
        "Description": "Мечта охотника. Двустволка мать ее так!",
        "DeviationCurve": 2.5,
        "DeviationMax": 10,
        "DiscardLimit": -1,
        "DiscardingBlock": false,
        "DoubleActionAccuracyPenalty": 1.5,
        "DropSoundType": "SubMachineGun",
        "Durability": 100,
        "DurabilityBurnRatio": 1,
        "Ergonomics": 44,
        "ExamineExperience": 6,
        "ExamineTime": 1,
        "ExaminedByDefault": true,
        "ExtraSizeDown": 0,
        "ExtraSizeForceAdd": false,
        "ExtraSizeLeft": 0,
        "ExtraSizeRight": 0,
        "ExtraSizeUp": 0,
        "Foldable": false,
        "FoldedSlot": "",
        "Grids": [],
        "HeatFactorByShot": 2.35,
        "HeatFactorGun": 0.94,
        "Height": 1,
        "HideEntrails": false,
        "HipAccuracyRestorationDelay": 0.2,
        "HipAccuracyRestorationSpeed": 7,
        "HipInnaccuracyGain": 0.16,
        "InsuranceDisabled": false,
        "IronSightRange": 25,
        "IsAlwaysAvailableForInsurance": false,
        "IsBeltMachineGun": false,
        "IsFlareGun": false,
        "IsGrenadeLauncher": false,
        "IsLockedafterEquip": false,
        "IsOneoff": false,
        "IsSpecialSlotOnly": false,
        "IsStationaryWeapon": false,
        "IsUnbuyable": false,
        "IsUndiscardable": false,
        "IsUngivable": false,
        "IsUnremovable": false,
        "IsUnsaleable": false,
        "ItemSound": "weap_ar",
        "LootExperience": 10,
        "Loudness":-50,
        "ManualBoltCatch": false,
        "MaxDurability": 100,
        "MaxRepairDegradation": 0.04,
        "MaxRepairKitDegradation": 0.035,
        "MergesWithChildren": true,
        "MinRepairDegradation": 0,
        "MinRepairKitDegradation": 0,
        "MustBoltBeOpennedForExternalReload": false,
        "MustBoltBeOpennedForInternalReload": false,
        "Name": "Двуствольное ружье МР43e",
        "NoFiremodeOnBoltcatch": false,
        "NotShownInSlot": false,
        "OperatingResource": 10000,
        "Prefab": {
          "path": "assets/content/weapons/vpo215/weapon_molot_vpo_215_366tkm_container.bundle",
          "rcid": ""
        },
        "QuestItem": false,
        "QuestStashMaxCount": 0,
        "RagFairCommissionModifier": 1,
        "RecoilAngle": 90,
        "RecoilCenter": {
          "x": 0,
          "y": -0.31,
          "z": 0
        },
        "RecoilForceBack": 252,
        "RecoilForceUp": 45,
        "RecoilPosZMult": 1,
        "RecolDispersion": 5,
        "ReloadMode": "ExternalMagazine",
        "RepairComplexity": 0,
        "RepairCost": 60,
        "RepairSpeed": 2,
        "Retractable": false,
        "RotationCenter": {
          "x": 0,
          "y": -0.15,
          "z": 0
        },
        "RotationCenterNoStock": {
          "x": 0,
          "y": 0,
          "z": 0
        },
        "ShortName": "Ruger",
        "ShotgunDispersion": 1,
        "SightingRange": 100,
        "SingleFireRate": 450,
        "SizeReduceRight": 0,
        "Slots": [
          {
            "_id": "61f7c9e189e6fb1a5e3ea78f",
            "_mergeSlotWithChildren": false,
            "_name": "mod_barrel",
            "_parent": "J_Ruger",
            "_props": {
              "filters": [
                {
                  "Filter": [
                    "5bfebc250db834001a6694e1",
                    "5d2702e88abbc31ed91efc44",
                    "55d4491a4bdc2d882f8b456e",
                    "560836484bdc2d20478b456e",
                    "55d448594bdc2d8c2f8b4569",
                    "560836fb4bdc2d773f8b4569",
                    "560837824bdc2d57468b4568",
                    "5a787f7ac5856700177af660",
                    "5de65547883dde217541644b",
                    "5a787fadc5856700155a6ca1",
                    "5ea02bb600685063ec28bfa1",
                    "62e7c7f3c34ea971710c32fc",
                    "603373004e02ce1eaa358814",
                    "603373004e02ce1eaa358814",
                    "22_Barrel_510mm"
                  ],
                  "Shift": 0
                }
              ]
            },
            "_proto": "55d30c4c4bdc2db4468b457e",
            "_required": true
          },
          {
            "_id": "61f7c9e189e6fb1a5e3ea790",
            "_mergeSlotWithChildren": false,
            "_name": "mod_stock",
            "_parent": "J_Ruger",
            "_props": {
              "filters": [
                {
                  "Filter": [
                    "61f803b8ced75b2e852e35f8",
                    "61f7b234ea4ab34f2f59c3ec",
                    "5bfeb32b0db834001a6694d9"
                  ],
                  "Shift": 0
                }
              ]
            },
            "_proto": "55d30c4c4bdc2db4468b457e",
            "_required": true
          },
          {
            "_id": "5926bb2186f7744b1c6c6e62",
            "_mergeSlotWithChildren": false,
            "_name": "mod_magazine",
            "_parent": "J_Ruger",
            "_props": {
              "filters": [
                {
                  "AnimationIndex": -1,
                  "Filter": [
                    "Ruger_45_Mag"
                  ]
                }
              ]
            }
          },
          {
            "_id": "5de652c31b7e3716273428c3",
            "_mergeSlotWithChildren": false,
            "_name": "mod_mount",
            "_parent": "J_Ruger",
            "_props": {
              "filters": [
                {
                  "Filter": [
                    "5de6558e9f98ac2bc65950fc",
                    "5bfebc5e0db834001a6694e5",
                    "5bfebc530db834001d23eb65"
                  ],
                  "Shift": 0
                }
              ]
            }
          }
        ],
        "StackMaxSize": 1,
        "StackObjectsCount": 1,
        "TacticalReloadFixation": 0.95,
        "TacticalReloadStiffnes": {
          "x": 0.95,
          "y": 0.33,
          "z": 0.95
        },
        "Unlootable": false,
        "UnlootableFromSide": [],
        "UnlootableFromSlot": "FirstPrimaryWeapon",
        "UsePrefab": {
          "path": "",
          "rcid": ""
        },
        "Velocity": -7,
        "Weight": 0.46,
        "Width": 2,
        "ammoCaliber": ".22 LR",
        "bEffDist": 100,
        "bFirerate": 800,
        "bHearDist": 10,
        "chamberAmmoCount": 1,
        "defAmmo": "56d59d3ad2720bdb418b4577",
        "defMagType": "5d2f213448f0355009199284",
        "durabSpawnMax": 75,
        "durabSpawnMin": 50,
        "isBoltCatch": false,
        "isChamberLoad": true,
        "isFastReload": true,
        "shotgunDispersion": 0,
        "weapClass": "smg",
        "weapFireType": [
          "burst"
        ],
        "weapUseType": "primary"
      },
      "_proto": "5580223e4bdc2d1c128b457f",
      "_type": "Item"
    },

    "22_Barrel_510mm": {
      "_id": "22_Barrel_510mm",
      "_name": "22_Barrel_510mm",
      "_parent": "555ef6e44bdc2de9068b457e",
      "_props": {
        "Accuracy": 0,
        "AnimationVariantsNumber": 0,
        "BackgroundColor": "blue",
        "BlocksCollapsible": false,
        "BlocksFolding": false,
        "CanPutIntoDuringTheRaid": true,
        "CanRequireOnRagfair": false,
        "CanSellOnRagfair": true,
        "CantRemoveFromSlotsDuringRaid": [],
        "CenterOfImpact": 0.03,
        "ConflictingItems": [],
        "CoolFactor": 0.96,
        "Description": "Стандартный заводской ствол для ружья МР-133 длинной 510мм.",
        "DeviationCurve": 3,
        "DeviationMax": 9,
        "DiscardLimit": -1,
        "DiscardingBlock": false,
        "DoubleActionAccuracyPenaltyMult": 1,
        "DropSoundType": "None",
        "Durability": 100,
        "DurabilityBurnModificator": 0.95,
        "EffectiveDistance": 0,
        "Ergonomics": 0,
        "ExamineExperience": 6,
        "ExamineTime": 1,
        "ExaminedByDefault": true,
        "ExtraSizeDown": 0,
        "ExtraSizeForceAdd": false,
        "ExtraSizeLeft": 1,
        "ExtraSizeRight": 0,
        "ExtraSizeUp": 0,
        "Grids": [],
        "HasShoulderContact": false,
        "HeatFactor": 0.92,
        "Height": 1,
        "HideEntrails": false,
        "InsuranceDisabled": false,
        "IsAlwaysAvailableForInsurance": false,
        "IsAnimated": false,
        "IsLockedafterEquip": false,
        "IsSilencer": true,
        "IsSpecialSlotOnly": false,
        "IsUnbuyable": false,
        "IsUndiscardable": false,
        "IsUngivable": false,
        "IsUnremovable": false,
        "IsUnsaleable": false,
        "ItemSound": "mod",
        "LootExperience": 15,
        "Loudness": -40,
        "MergesWithChildren": true,
        "Name": "Ствол 510мм для МР-133 12к ",
        "NotShownInSlot": false,
        "Prefab": {
          "path": "assets/content/items/mods/barrels/barrel_mr133_510mm.bundle",
          "rcid": ""
        },
        "QuestItem": false,
        "QuestStashMaxCount": 0,
        "RagFairCommissionModifier": 1,
        "RaidModdable": false,
        "Recoil": -3,
        "RepairCost": 0,
        "RepairSpeed": 0,
        "ShortName": "510мм МР-133",
        "ShotgunDispersion": 1,
        "SightingRange": 0,
        "Slots": [
          {
            "_id": "560d63bc4bdc2d773f8b4574",
            "_mergeSlotWithChildren": false,
            "_name": "mod_muzzle",
            "_parent": "55d4491a4bdc2d882f8b456e",
            "_props": {
              "filters": [
                {
                  "Filter": [
                    "5c0111ab0db834001966914d",
                    "560838c94bdc2d77798b4569",
                    "5b363dea5acfc4771e1c5e7e",
                    "5c7e8fab2e22165df16b889b"
                  ],
                  "Shift": 0
                }
              ]
            },
            "_proto": "55d30c4c4bdc2db4468b457e",
            "_required": false
          }
        ],
        "StackMaxSize": 1,
        "StackObjectsCount": 1,
        "ToolModdable": true,
        "UniqueAnimationModID": 0,
        "Unlootable": false,
        "UnlootableFromSide": [],
        "UnlootableFromSlot": "FirstPrimaryWeapon",
        "UsePrefab": {
          "path": "",
          "rcid": ""
        },
        "Velocity": 5.4,
        "Weight": 0.8,
        "Width": 3
      },
      "_proto": "55d448594bdc2d8c2f8b4569",
      "_type": "Item"
    },

    "Ruger_45_Mag": {
      "_id": "Ruger_45_Mag",
      "_name": "Ruger_45_Mag",
      "_parent": "5448bc234bdc2d3c308b4569",
      "_props": {
        "Accuracy": 0,
        "AnimationVariantsNumber": 0,
        "BackgroundColor": "yellow",
        "BeltMagazineRefreshCount": 0,
        "BlocksCollapsible": false,
        "BlocksFolding": false,
        "CanAdmin": false,
        "CanFast": true,
        "CanHit": false,
        "CanPutIntoDuringTheRaid": true,
        "CanRequireOnRagfair": false,
        "CanSellOnRagfair": true,
        "CantRemoveFromSlotsDuringRaid": [],
        "Cartridges": [
          {
            "_id": "5ea034eb5aad6446a939737d",
            "_max_count": 45,
            "_name": "cartridges",
            "_parent": "Ruger_45_Mag",
            "_props": {
              "filters": [
                {
                  "Filter": [
                    "22_Standard_Velocity",
                    "22_High_Velocity",
                    "22_Hyper_Velocity",
                    "22_Subsonic",
                    "22_Red_Tracer",
                    "22_Yellow_Tracer",
                    "22_Green_Tracer",
                    "22_AP"
                  ]
                }
              ]
            },
            "_proto": "5748538b2459770af276a261"
          }
        ],
        "CheckOverride": 0,
        "CheckTimeModifier": 20,
        "ConflictingItems": [],
        "Description": "mag_ppsh_zis_std_762x25_35",
        "DiscardLimit": -1,
        "DiscardingBlock": false,
        "DoubleActionAccuracyPenaltyMult": 1,
        "DropSoundType": "None",
        "Durability": 100,
        "EffectiveDistance": 0,
        "Ergonomics": -3,
        "ExamineExperience": 2,
        "ExamineTime": 1,
        "ExaminedByDefault": true,
        "ExtraSizeDown": 1,
        "ExtraSizeForceAdd": false,
        "ExtraSizeLeft": 0,
        "ExtraSizeRight": 0,
        "ExtraSizeUp": 0,
        "Grids": [],
        "HasShoulderContact": false,
        "Height": 2,
        "HideEntrails": false,
        "InsuranceDisabled": false,
        "IsAlwaysAvailableForInsurance": false,
        "IsAnimated": false,
        "IsLockedafterEquip": false,
        "IsMagazineForStationaryWeapon": false,
        "IsSpecialSlotOnly": false,
        "IsUnbuyable": false,
        "IsUndiscardable": false,
        "IsUngivable": false,
        "IsUnremovable": false,
        "IsUnsaleable": false,
        "ItemSound": "magazine_metal",
        "LoadUnloadModifier": 20,
        "LootExperience": 10,
        "Loudness": 0,
        "MagazineWithBelt": false,
        "MalfunctionChance": 0.045,
        "MergesWithChildren": true,
        "Name": "Ruger_45_Mag",
        "NotShownInSlot": false,
        "Prefab": {
          "path": "assets/content/items/mods/magazines/mag_ppsh_zis_std_762x25_35.bundle",
          "rcid": ""
        },
        "QuestItem": false,
        "QuestStashMaxCount": 0,
        "RagFairCommissionModifier": 1,
        "RaidModdable": true,
        "Recoil": 0,
        "ReloadMagType": "ExternalMagazine",
        "RepairCost": 0,
        "RepairSpeed": 0,
        "ShortName": "Ruger_45_Mag",
        "SightingRange": 0,
        "Slots": [],
        "StackMaxSize": 1,
        "StackObjectsCount": 1,
        "TagColor": 0,
        "TagName": "",
        "ToolModdable": false,
        "UniqueAnimationModID": 0,
        "Unlootable": false,
        "UnlootableFromSide": [],
        "UnlootableFromSlot": "FirstPrimaryWeapon",
        "UsePrefab": {
          "path": "",
          "rcid": ""
        },
        "Velocity": 0,
        "VisibleAmmoRangesString": "1-3",
        "Weight": 0.38,
        "Width": 1,
        "magAnimationIndex": 1
      },
      "_proto": "55d480c04bdc2d1d4e8b456a",
      "_type": "Item"
    },

    "22_Standard_Velocity": {
      "_id": "22_Standard_Velocity",
      "_name": "22_Standard_Velocity",
      "_parent": "5485a8684bdc2da71d8b4567",
      "_props": {
        "AmmoLifeTimeSec": 5,
        "AnimationVariantsNumber": 0,
        "ArmorDamage": 23,
        "ArmorDistanceDistanceDamage": {
          "x": 0,
          "y": 0,
          "z": 0
        },
        "BackgroundColor": "yellow",
        "BallisticCoeficient": 0.068,
        "Blindness": {
          "x": 0,
          "y": 0,
          "z": 0
        },
        "BulletDiameterMilimeters": 5.6,
        "BulletMassGram": 3.3,
        "Caliber": ".22 LR",
        "CanRequireOnRagfair": false,
        "CanSellOnRagfair": true,
        "ConflictingItems": [],
        "Contusion": {
          "x": 0,
          "y": 0,
          "z": 0
        },
        "Damage": 37,
        "Description": "patron_9x19_PST_gzh",
        "Deterioration": 1,
        "DiscardLimit": -1,
        "DiscardingBlock": false,
        "DropSoundType": "None",
        "DurabilityBurnModificator": 1.8073,
        "ExamineExperience": 10,
        "ExamineTime": 1,
        "ExaminedByDefault": true,
        "ExplosionStrength": 0,
        "ExplosionType": "",
        "ExtraSizeDown": 0,
        "ExtraSizeForceAdd": false,
        "ExtraSizeLeft": 0,
        "ExtraSizeRight": 0,
        "ExtraSizeUp": 0,
        "FragmentType": "5996f6d686f77467977ba6cc",
        "FragmentationChance": 0.15,
        "FragmentsCount": 0,
        "FuzeArmTimeSec": 0,
        "HasGrenaderComponent": false,
        "HeatFactor": 1.048,
        "HeavyBleedingDelta": 0,
        "Height": 1,
        "HideEntrails": false,
        "InitialSpeed": 330,
        "InsuranceDisabled": false,
        "IsAlwaysAvailableForInsurance": false,
        "IsLightAndSoundShot": false,
        "IsLockedafterEquip": false,
        "IsSpecialSlotOnly": false,
        "IsUnbuyable": false,
        "IsUndiscardable": false,
        "IsUngivable": false,
        "IsUnremovable": false,
        "IsUnsaleable": false,
        "ItemSound": "ammo_singleround",
        "LightAndSoundShotAngle": 0,
        "LightAndSoundShotSelfContusionStrength": 0,
        "LightAndSoundShotSelfContusionTime": 0,
        "LightBleedingDelta": 0,
        "LootExperience": 0,
        "MalfFeedChance": 0.02,
        "MalfMisfireChance": 0.175,
        "MaxExplosionDistance": 0,
        "MaxFragmentsCount": 3,
        "MergesWithChildren": false,
        "MinExplosionDistance": 0,
        "MinFragmentsCount": 1,
        "MisfireChance": 0.03,
        "Name": ".22LR Standard Velocity",
        "NotShownInSlot": false,
        "PenetrationChance": 0.2,
        "PenetrationPower": 14,
        "PenetrationPowerDiviation": 0.8,
        "Prefab": {
          "path": "assets/content/items/ammo/patrons/patron_9x19_7n21.bundle",
          "rcid": ""
        },
        "ProjectileCount": 1,
        "QuestItem": false,
        "QuestStashMaxCount": 0,
        "RagFairCommissionModifier": 1,
        "RemoveShellAfterFire": false,
        "RepairCost": 0,
        "RepairSpeed": 0,
        "RicochetChance": 0.05,
        "ShortName": "patron_9x19_PST_gzh",
        "ShowBullet": false,
        "ShowHitEffectOnExplode": false,
        "SpeedRetardation": 0.0001,
        "StackMaxRandom": 40,
        "StackMaxSize": 80,
        "StackMinRandom": 3,
        "StackObjectsCount": 1,
        "StaminaBurnPerDamage": 0.0794,
        "Tracer": false,
        "TracerColor": "red",
        "TracerDistance": 0,
        "Unlootable": false,
        "UnlootableFromSide": [],
        "UnlootableFromSlot": "FirstPrimaryWeapon",
        "UsePrefab": {
          "path": "",
          "rcid": ""
        },
        "Weight": 0.0033,
        "Width": 1,
        "ammoAccr": 0,
        "ammoDist": 0,
        "ammoHear": 0,
        "ammoRec": 0,
        "ammoSfx": "standart",
        "ammoShiftChance": 0,
        "ammoType": "bullet",
        "buckshotBullets": 0,
        "casingEjectPower": 1,
        "casingMass": 10,
        "casingName": "9x18 мм ПМ ПС гс ППО",
        "casingSounds": "pistol_small"
      },
      "_proto": "54527c774bdc2d3f668b4568",
      "_type": "Item"
    },

    "22_High_Velocity": {
      "_id": "22_High_Velocity",
      "_name": "22_High_Velocity",
      "_parent": "5485a8684bdc2da71d8b4567",
      "_props": {
        "AmmoLifeTimeSec": 5,
        "AnimationVariantsNumber": 0,
        "ArmorDamage": 20,
        "ArmorDistanceDistanceDamage": {
          "x": 0,
          "y": 0,
          "z": 0
        },
        "BackgroundColor": "yellow",
        "BallisticCoeficient": 0.068,
        "Blindness": {
          "x": 0,
          "y": 0,
          "z": 0
        },
        "BulletDiameterMilimeters": 5.6,
        "BulletMassGram": 2.6,
        "Caliber": ".22 LR",
        "CanRequireOnRagfair": false,
        "CanSellOnRagfair": true,
        "ConflictingItems": [],
        "Contusion": {
          "x": 0,
          "y": 0,
          "z": 0
        },
        "Damage": 43,
        "Description": "patron_9x19_PST_gzh",
        "Deterioration": 1,
        "DiscardLimit": -1,
        "DiscardingBlock": false,
        "DropSoundType": "None",
        "DurabilityBurnModificator": 1.9073,
        "ExamineExperience": 10,
        "ExamineTime": 1,
        "ExaminedByDefault": true,
        "ExplosionStrength": 0,
        "ExplosionType": "",
        "ExtraSizeDown": 0,
        "ExtraSizeForceAdd": false,
        "ExtraSizeLeft": 0,
        "ExtraSizeRight": 0,
        "ExtraSizeUp": 0,
        "FragmentType": "5996f6d686f77467977ba6cc",
        "FragmentationChance": 0.25,
        "FragmentsCount": 0,
        "FuzeArmTimeSec": 0,
        "HasGrenaderComponent": false,
        "HeatFactor": 1.348,
        "HeavyBleedingDelta": 0,
        "Height": 1,
        "HideEntrails": false,
        "InitialSpeed": 400,
        "InsuranceDisabled": false,
        "IsAlwaysAvailableForInsurance": false,
        "IsLightAndSoundShot": false,
        "IsLockedafterEquip": false,
        "IsSpecialSlotOnly": false,
        "IsUnbuyable": false,
        "IsUndiscardable": false,
        "IsUngivable": false,
        "IsUnremovable": false,
        "IsUnsaleable": false,
        "ItemSound": "ammo_singleround",
        "LightAndSoundShotAngle": 0,
        "LightAndSoundShotSelfContusionStrength": 0,
        "LightAndSoundShotSelfContusionTime": 0,
        "LightBleedingDelta": 0,
        "LootExperience": 0,
        "MalfFeedChance": 0.02,
        "MalfMisfireChance": 0.175,
        "MaxExplosionDistance": 0,
        "MaxFragmentsCount": 3,
        "MergesWithChildren": false,
        "MinExplosionDistance": 0,
        "MinFragmentsCount": 1,
        "MisfireChance": 0.03,
        "Name": ".22LR Standard Velocity",
        "NotShownInSlot": false,
        "PenetrationChance": 0.2,
        "PenetrationPower": 20,
        "PenetrationPowerDiviation": 0.8,
        "Prefab": {
          "path": "assets/content/items/ammo/patrons/patron_9x19_7n21.bundle",
          "rcid": ""
        },
        "ProjectileCount": 1,
        "QuestItem": false,
        "QuestStashMaxCount": 0,
        "RagFairCommissionModifier": 1,
        "RemoveShellAfterFire": false,
        "RepairCost": 0,
        "RepairSpeed": 0,
        "RicochetChance": 0.05,
        "ShortName": "patron_9x19_PST_gzh",
        "ShowBullet": false,
        "ShowHitEffectOnExplode": false,
        "SpeedRetardation": 0.0001,
        "StackMaxRandom": 40,
        "StackMaxSize": 80,
        "StackMinRandom": 3,
        "StackObjectsCount": 1,
        "StaminaBurnPerDamage": 0.1094,
        "Tracer": false,
        "TracerColor": "red",
        "TracerDistance": 0,
        "Unlootable": false,
        "UnlootableFromSide": [],
        "UnlootableFromSlot": "FirstPrimaryWeapon",
        "UsePrefab": {
          "path": "",
          "rcid": ""
        },
        "Weight": 0.0026,
        "Width": 1,
        "ammoAccr": -15,
        "ammoDist": 0,
        "ammoHear": 0,
        "ammoRec": 0,
        "ammoSfx": "standart",
        "ammoShiftChance": 0,
        "ammoType": "bullet",
        "buckshotBullets": 0,
        "casingEjectPower": 1,
        "casingMass": 10,
        "casingName": "9x18 мм ПМ ПС гс ППО",
        "casingSounds": "pistol_small"
      },
      "_proto": "54527c774bdc2d3f668b4568",
      "_type": "Item"
    },

    "22_Subsonic": {
      "_id": "22_Subsonic",
      "_name": "22_Subsonic",
      "_parent": "5485a8684bdc2da71d8b4567",
      "_props": {
        "AmmoLifeTimeSec": 5,
        "AnimationVariantsNumber": 0,
        "ArmorDamage": 20,
        "ArmorDistanceDistanceDamage": {
          "x": 0,
          "y": 0,
          "z": 0
        },
        "BackgroundColor": "yellow",
        "BallisticCoeficient": 0.068,
        "Blindness": {
          "x": 0,
          "y": 0,
          "z": 0
        },
        "BulletDiameterMilimeters": 5.6,
        "BulletMassGram": 3.6,
        "Caliber": ".22 LR",
        "CanRequireOnRagfair": false,
        "CanSellOnRagfair": true,
        "ConflictingItems": [],
        "Contusion": {
          "x": 0,
          "y": 0,
          "z": 0
        },
        "Damage": 43,
        "Description": "patron_9x19_PST_gzh",
        "Deterioration": 1,
        "DiscardLimit": -1,
        "DiscardingBlock": false,
        "DropSoundType": "None",
        "DurabilityBurnModificator": 1.5073,
        "ExamineExperience": 10,
        "ExamineTime": 1,
        "ExaminedByDefault": true,
        "ExplosionStrength": 0,
        "ExplosionType": "",
        "ExtraSizeDown": 0,
        "ExtraSizeForceAdd": false,
        "ExtraSizeLeft": 0,
        "ExtraSizeRight": 0,
        "ExtraSizeUp": 0,
        "FragmentType": "5996f6d686f77467977ba6cc",
        "FragmentationChance": 0.10,
        "FragmentsCount": 0,
        "FuzeArmTimeSec": 0,
        "HasGrenaderComponent": false,
        "HeatFactor": 1.050,
        "HeavyBleedingDelta": 1,
        "Height": 1,
        "HideEntrails": false,
        "InitialSpeed": 300,
        "InsuranceDisabled": false,
        "IsAlwaysAvailableForInsurance": false,
        "IsLightAndSoundShot": false,
        "IsLockedafterEquip": false,
        "IsSpecialSlotOnly": false,
        "IsUnbuyable": false,
        "IsUndiscardable": false,
        "IsUngivable": false,
        "IsUnremovable": false,
        "IsUnsaleable": false,
        "ItemSound": "ammo_singleround",
        "LightAndSoundShotAngle": 0,
        "LightAndSoundShotSelfContusionStrength": 0,
        "LightAndSoundShotSelfContusionTime": 0,
        "LightBleedingDelta": 0,
        "LootExperience": 0,
        "MalfFeedChance": 0.03,
        "MalfMisfireChance": 0.200,
        "MaxExplosionDistance": 0,
        "MaxFragmentsCount": 3,
        "MergesWithChildren": false,
        "MinExplosionDistance": 0,
        "MinFragmentsCount": 1,
        "MisfireChance": 0.03,
        "Name": ".22LR Subsonic",
        "NotShownInSlot": false,
        "PenetrationChance": 0.085,
        "PenetrationPower": 6,
        "PenetrationPowerDiviation": 0,
        "Prefab": {
          "path": "assets/content/items/ammo/patrons/patron_9x19_7n21.bundle",
          "rcid": ""
        },
        "ProjectileCount": 1,
        "QuestItem": false,
        "QuestStashMaxCount": 0,
        "RagFairCommissionModifier": 1,
        "RemoveShellAfterFire": false,
        "RepairCost": 0,
        "RepairSpeed": 0,
        "RicochetChance": 0.35,
        "ShortName": "patron_9x19_PST_gzh",
        "ShowBullet": false,
        "ShowHitEffectOnExplode": false,
        "SpeedRetardation": 0.0001,
        "StackMaxRandom": 40,
        "StackMaxSize": 80,
        "StackMinRandom": 3,
        "StackObjectsCount": 1,
        "StaminaBurnPerDamage": 0.0804,
        "Tracer": false,
        "TracerColor": "red",
        "TracerDistance": 0,
        "Unlootable": false,
        "UnlootableFromSide": [],
        "UnlootableFromSlot": "FirstPrimaryWeapon",
        "UsePrefab": {
          "path": "",
          "rcid": ""
        },
        "Weight": 0.0036,
        "Width": 1,
        "ammoAccr": 20,
        "ammoDist": 0,
        "ammoHear": 0,
        "ammoRec": -20,
        "ammoSfx": "standart",
        "ammoShiftChance": 0,
        "ammoType": "bullet",
        "buckshotBullets": 0,
        "casingEjectPower": 1,
        "casingMass": 10,
        "casingName": "9x18 мм ПМ ПС гс ППО",
        "casingSounds": "pistol_small"
      },
      "_proto": "54527c774bdc2d3f668b4568",
      "_type": "Item"
    },

    "22_Hyper_Velocity": {
      "_id": "22_Hyper_Velocity",
      "_name": "22_Hyper_Velocity",
      "_parent": "5485a8684bdc2da71d8b4567",
      "_props": {
        "AmmoLifeTimeSec": 5,
        "AnimationVariantsNumber": 0,
        "ArmorDamage": 20,
        "ArmorDistanceDistanceDamage": {
          "x": 0,
          "y": 0,
          "z": 0
        },
        "BackgroundColor": "yellow",
        "BallisticCoeficient": 0.068,
        "Blindness": {
          "x": 0,
          "y": 0,
          "z": 0
        },
        "BulletDiameterMilimeters": 5.6,
        "BulletMassGram": 1.9,
        "Caliber": ".22 LR",
        "CanRequireOnRagfair": false,
        "CanSellOnRagfair": true,
        "ConflictingItems": [],
        "Contusion": {
          "x": 0,
          "y": 0,
          "z": 0
        },
        "Damage": 52,
        "Description": "patron_9x19_PST_gzh",
        "Deterioration": 1,
        "DiscardLimit": -1,
        "DiscardingBlock": false,
        "DropSoundType": "None",
        "DurabilityBurnModificator": 1.7073,
        "ExamineExperience": 10,
        "ExamineTime": 1,
        "ExaminedByDefault": true,
        "ExplosionStrength": 0,
        "ExplosionType": "",
        "ExtraSizeDown": 0,
        "ExtraSizeForceAdd": false,
        "ExtraSizeLeft": 0,
        "ExtraSizeRight": 0,
        "ExtraSizeUp": 0,
        "FragmentType": "5996f6d686f77467977ba6cc",
        "FragmentationChance": 0.2,
        "FragmentsCount": 0,
        "FuzeArmTimeSec": 0,
        "HasGrenaderComponent": false,
        "HeatFactor": 1.148,
        "HeavyBleedingDelta": 0,
        "Height": 1,
        "HideEntrails": false,
        "InitialSpeed": 550,
        "InsuranceDisabled": false,
        "IsAlwaysAvailableForInsurance": false,
        "IsLightAndSoundShot": false,
        "IsLockedafterEquip": false,
        "IsSpecialSlotOnly": false,
        "IsUnbuyable": false,
        "IsUndiscardable": false,
        "IsUngivable": false,
        "IsUnremovable": false,
        "IsUnsaleable": false,
        "ItemSound": "ammo_singleround",
        "LightAndSoundShotAngle": 0,
        "LightAndSoundShotSelfContusionStrength": 0,
        "LightAndSoundShotSelfContusionTime": 0,
        "LightBleedingDelta": 0,
        "LootExperience": 0,
        "MalfFeedChance": 0.02,
        "MalfMisfireChance": 0.175,
        "MaxExplosionDistance": 0,
        "MaxFragmentsCount": 3,
        "MergesWithChildren": false,
        "MinExplosionDistance": 0,
        "MinFragmentsCount": 1,
        "MisfireChance": 0.03,
        "Name": ".22LR  Hyper-Velocity",
        "NotShownInSlot": false,
        "PenetrationChance": 0.2,
        "PenetrationPower": 17,
        "PenetrationPowerDiviation": 0.8,
        "Prefab": {
          "path": "assets/content/items/ammo/patrons/patron_9x19_7n21.bundle",
          "rcid": ""
        },
        "ProjectileCount": 1,
        "QuestItem": false,
        "QuestStashMaxCount": 0,
        "RagFairCommissionModifier": 1,
        "RemoveShellAfterFire": false,
        "RepairCost": 0,
        "RepairSpeed": 0,
        "RicochetChance": 0.05,
        "ShortName": "patron_9x19_PST_gzh",
        "ShowBullet": false,
        "ShowHitEffectOnExplode": false,
        "SpeedRetardation": 0.0001,
        "StackMaxRandom": 40,
        "StackMaxSize": 80,
        "StackMinRandom": 3,
        "StackObjectsCount": 1,
        "StaminaBurnPerDamage": 0.1000,
        "Tracer": false,
        "TracerColor": "red",
        "TracerDistance": 0,
        "Unlootable": false,
        "UnlootableFromSide": [],
        "UnlootableFromSlot": "FirstPrimaryWeapon",
        "UsePrefab": {
          "path": "",
          "rcid": ""
        },
        "Weight": 0.0019,
        "Width": 1,
        "ammoAccr": 25,
        "ammoDist": 0,
        "ammoHear": 0,
        "ammoRec": 0,
        "ammoSfx": "standart",
        "ammoShiftChance": 0,
        "ammoType": "bullet",
        "buckshotBullets": 0,
        "casingEjectPower": 1,
        "casingMass": 10,
        "casingName": "9x18 мм ПМ ПС гс ППО",
        "casingSounds": "pistol_small"
      },
      "_proto": "54527c774bdc2d3f668b4568",
      "_type": "Item"
    },

    "22_Green_Tracer": {
      "_id": "22_Green_Tracer",
      "_name": "22_Green_Tracer",
      "_parent": "5485a8684bdc2da71d8b4567",
      "_props": {
        "AmmoLifeTimeSec": 5,
        "AnimationVariantsNumber": 0,
        "ArmorDamage": 20,
        "ArmorDistanceDistanceDamage": {
          "x": 0,
          "y": 0,
          "z": 0
        },
        "BackgroundColor": "yellow",
        "BallisticCoeficient": 0.068,
        "Blindness": {
          "x": 0,
          "y": 0,
          "z": 0
        },
        "BulletDiameterMilimeters": 5.6,
        "BulletMassGram": 2.6,
        "Caliber": ".22 LR",
        "CanRequireOnRagfair": false,
        "CanSellOnRagfair": true,
        "ConflictingItems": [],
        "Contusion": {
          "x": 0,
          "y": 0,
          "z": 0
        },
        "Damage": 40,
        "Description": "patron_9x19_PST_gzh",
        "Deterioration": 1,
        "DiscardLimit": -1,
        "DiscardingBlock": false,
        "DropSoundType": "None",
        "DurabilityBurnModificator": 1.1035,
        "ExamineExperience": 10,
        "ExamineTime": 1,
        "ExaminedByDefault": true,
        "ExplosionStrength": 0,
        "ExplosionType": "",
        "ExtraSizeDown": 0,
        "ExtraSizeForceAdd": false,
        "ExtraSizeLeft": 0,
        "ExtraSizeRight": 0,
        "ExtraSizeUp": 0,
        "FragmentType": "5996f6d686f77467977ba6cc",
        "FragmentationChance": 0.2,
        "FragmentsCount": 0,
        "FuzeArmTimeSec": 0,
        "HasGrenaderComponent": false,
        "HeatFactor": 1.102,
        "HeavyBleedingDelta": 0,
        "Height": 1,
        "HideEntrails": false,
        "InitialSpeed": 299,
        "InsuranceDisabled": false,
        "IsAlwaysAvailableForInsurance": false,
        "IsLightAndSoundShot": false,
        "IsLockedafterEquip": false,
        "IsSpecialSlotOnly": false,
        "IsUnbuyable": false,
        "IsUndiscardable": false,
        "IsUngivable": false,
        "IsUnremovable": false,
        "IsUnsaleable": false,
        "ItemSound": "ammo_singleround",
        "LightAndSoundShotAngle": 0,
        "LightAndSoundShotSelfContusionStrength": 0,
        "LightAndSoundShotSelfContusionTime": 0,
        "LightBleedingDelta": 0,
        "LootExperience": 0,
        "MalfFeedChance": 0.01,
        "MalfMisfireChance": 0.14,
        "MaxExplosionDistance": 0,
        "MaxFragmentsCount": 3,
        "MergesWithChildren": false,
        "MinExplosionDistance": 0,
        "MinFragmentsCount": 1,
        "MisfireChance": 0.03,
        "Name": ".22LR  Green Tracer",
        "NotShownInSlot": false,
        "PenetrationChance": 0.1,
        "PenetrationPower": 10,
        "PenetrationPowerDiviation": 1,
        "Prefab": {
          "path": "assets/content/items/ammo/patrons/patron_9x19_7n21.bundle",
          "rcid": ""
        },
        "ProjectileCount": 1,
        "QuestItem": false,
        "QuestStashMaxCount": 0,
        "RagFairCommissionModifier": 1,
        "RemoveShellAfterFire": false,
        "RepairCost": 0,
        "RepairSpeed": 0,
        "RicochetChance": 0.05,
        "ShortName": "patron_9x19_PST_gzh",
        "ShowBullet": false,
        "ShowHitEffectOnExplode": false,
        "SpeedRetardation": 0.0001,
        "StackMaxRandom": 40,
        "StackMaxSize": 80,
        "StackMinRandom": 3,
        "StackObjectsCount": 1,
        "StaminaBurnPerDamage": 0.0874,
        "Tracer": true,
        "TracerColor": "green",
        "TracerDistance": 0,
        "Unlootable": false,
        "UnlootableFromSide": [],
        "UnlootableFromSlot": "FirstPrimaryWeapon",
        "UsePrefab": {
          "path": "",
          "rcid": ""
        },
        "Weight": 0.0026,
        "Width": 1,
        "ammoAccr": 35,
        "ammoDist": 0,
        "ammoHear": 0,
        "ammoRec": -15,
        "ammoSfx": "standart",
        "ammoShiftChance": 0,
        "ammoType": "bullet",
        "buckshotBullets": 0,
        "casingEjectPower": 1,
        "casingMass": 10,
        "casingName": "9x18 мм ПМ ПС гс ППО",
        "casingSounds": "pistol_small"
      },
      "_proto": "54527c774bdc2d3f668b4568",
      "_type": "Item"
    },

    "22_Yellow_Tracer": {
      "_id": "22_Yellow_Tracer",
      "_name": "22_Yellow_Tracer",
      "_parent": "5485a8684bdc2da71d8b4567",
      "_props": {
        "AmmoLifeTimeSec": 5,
        "AnimationVariantsNumber": 0,
        "ArmorDamage": 20,
        "ArmorDistanceDistanceDamage": {
          "x": 0,
          "y": 0,
          "z": 0
        },
        "BackgroundColor": "yellow",
        "BallisticCoeficient": 0.068,
        "Blindness": {
          "x": 0,
          "y": 0,
          "z": 0
        },
        "BulletDiameterMilimeters": 5.6,
        "BulletMassGram": 2.6,
        "Caliber": ".22 LR",
        "CanRequireOnRagfair": false,
        "CanSellOnRagfair": true,
        "ConflictingItems": [],
        "Contusion": {
          "x": 0,
          "y": 0,
          "z": 0
        },
        "Damage": 40,
        "Description": "patron_9x19_PST_gzh",
        "Deterioration": 1,
        "DiscardLimit": -1,
        "DiscardingBlock": false,
        "DropSoundType": "None",
        "DurabilityBurnModificator": 1.1035,
        "ExamineExperience": 10,
        "ExamineTime": 1,
        "ExaminedByDefault": true,
        "ExplosionStrength": 0,
        "ExplosionType": "",
        "ExtraSizeDown": 0,
        "ExtraSizeForceAdd": false,
        "ExtraSizeLeft": 0,
        "ExtraSizeRight": 0,
        "ExtraSizeUp": 0,
        "FragmentType": "5996f6d686f77467977ba6cc",
        "FragmentationChance": 0.2,
        "FragmentsCount": 0,
        "FuzeArmTimeSec": 0,
        "HasGrenaderComponent": false,
        "HeatFactor": 1.102,
        "HeavyBleedingDelta": 0,
        "Height": 1,
        "HideEntrails": false,
        "InitialSpeed": 299,
        "InsuranceDisabled": false,
        "IsAlwaysAvailableForInsurance": false,
        "IsLightAndSoundShot": false,
        "IsLockedafterEquip": false,
        "IsSpecialSlotOnly": false,
        "IsUnbuyable": false,
        "IsUndiscardable": false,
        "IsUngivable": false,
        "IsUnremovable": false,
        "IsUnsaleable": false,
        "ItemSound": "ammo_singleround",
        "LightAndSoundShotAngle": 0,
        "LightAndSoundShotSelfContusionStrength": 0,
        "LightAndSoundShotSelfContusionTime": 0,
        "LightBleedingDelta": 0,
        "LootExperience": 0,
        "MalfFeedChance": 0.01,
        "MalfMisfireChance": 0.14,
        "MaxExplosionDistance": 0,
        "MaxFragmentsCount": 3,
        "MergesWithChildren": false,
        "MinExplosionDistance": 0,
        "MinFragmentsCount": 1,
        "MisfireChance": 0.03,
        "Name": ".22LR  Yellow Tracer",
        "NotShownInSlot": false,
        "PenetrationChance": 0.1,
        "PenetrationPower": 10,
        "PenetrationPowerDiviation": 1,
        "Prefab": {
          "path": "assets/content/items/ammo/patrons/patron_9x19_7n21.bundle",
          "rcid": ""
        },
        "ProjectileCount": 1,
        "QuestItem": false,
        "QuestStashMaxCount": 0,
        "RagFairCommissionModifier": 1,
        "RemoveShellAfterFire": false,
        "RepairCost": 0,
        "RepairSpeed": 0,
        "RicochetChance": 0.05,
        "ShortName": "patron_9x19_PST_gzh",
        "ShowBullet": false,
        "ShowHitEffectOnExplode": false,
        "SpeedRetardation": 0.0001,
        "StackMaxRandom": 40,
        "StackMaxSize": 80,
        "StackMinRandom": 3,
        "StackObjectsCount": 1,
        "StaminaBurnPerDamage": 0.0874,
        "Tracer": true,
        "TracerColor": "yellow",
        "TracerDistance": 0,
        "Unlootable": false,
        "UnlootableFromSide": [],
        "UnlootableFromSlot": "FirstPrimaryWeapon",
        "UsePrefab": {
          "path": "",
          "rcid": ""
        },
        "Weight": 0.0026,
        "Width": 1,
        "ammoAccr": 35,
        "ammoDist": 0,
        "ammoHear": 0,
        "ammoRec": -15,
        "ammoSfx": "standart",
        "ammoShiftChance": 0,
        "ammoType": "bullet",
        "buckshotBullets": 0,
        "casingEjectPower": 1,
        "casingMass": 10,
        "casingName": "9x18 мм ПМ ПС гс ППО",
        "casingSounds": "pistol_small"
      },
      "_proto": "54527c774bdc2d3f668b4568",
      "_type": "Item"
    },

    "22_Red_Tracer": {
      "_id": "22_Red_Tracer",
      "_name": "22_Red_Tracer",
      "_parent": "5485a8684bdc2da71d8b4567",
      "_props": {
        "AmmoLifeTimeSec": 5,
        "AnimationVariantsNumber": 0,
        "ArmorDamage": 20,
        "ArmorDistanceDistanceDamage": {
          "x": 0,
          "y": 0,
          "z": 0
        },
        "BackgroundColor": "yellow",
        "BallisticCoeficient": 0.068,
        "Blindness": {
          "x": 0,
          "y": 0,
          "z": 0
        },
        "BulletDiameterMilimeters": 5.6,
        "BulletMassGram": 2.6,
        "Caliber": ".22 LR",
        "CanRequireOnRagfair": false,
        "CanSellOnRagfair": true,
        "ConflictingItems": [],
        "Contusion": {
          "x": 0,
          "y": 0,
          "z": 0
        },
        "Damage": 40,
        "Description": "patron_9x19_PST_gzh",
        "Deterioration": 1,
        "DiscardLimit": -1,
        "DiscardingBlock": false,
        "DropSoundType": "None",
        "DurabilityBurnModificator": 1.1035,
        "ExamineExperience": 10,
        "ExamineTime": 1,
        "ExaminedByDefault": true,
        "ExplosionStrength": 0,
        "ExplosionType": "",
        "ExtraSizeDown": 0,
        "ExtraSizeForceAdd": false,
        "ExtraSizeLeft": 0,
        "ExtraSizeRight": 0,
        "ExtraSizeUp": 0,
        "FragmentType": "5996f6d686f77467977ba6cc",
        "FragmentationChance": 0.2,
        "FragmentsCount": 0,
        "FuzeArmTimeSec": 0,
        "HasGrenaderComponent": false,
        "HeatFactor": 1.102,
        "HeavyBleedingDelta": 0,
        "Height": 1,
        "HideEntrails": false,
        "InitialSpeed": 299,
        "InsuranceDisabled": false,
        "IsAlwaysAvailableForInsurance": false,
        "IsLightAndSoundShot": false,
        "IsLockedafterEquip": false,
        "IsSpecialSlotOnly": false,
        "IsUnbuyable": false,
        "IsUndiscardable": false,
        "IsUngivable": false,
        "IsUnremovable": false,
        "IsUnsaleable": false,
        "ItemSound": "ammo_singleround",
        "LightAndSoundShotAngle": 0,
        "LightAndSoundShotSelfContusionStrength": 0,
        "LightAndSoundShotSelfContusionTime": 0,
        "LightBleedingDelta": 0,
        "LootExperience": 0,
        "MalfFeedChance": 0.01,
        "MalfMisfireChance": 0.14,
        "MaxExplosionDistance": 0,
        "MaxFragmentsCount": 3,
        "MergesWithChildren": false,
        "MinExplosionDistance": 0,
        "MinFragmentsCount": 1,
        "MisfireChance": 0.03,
        "Name": ".22LR  Red Tracer",
        "NotShownInSlot": false,
        "PenetrationChance": 0.1,
        "PenetrationPower": 10,
        "PenetrationPowerDiviation": 1,
        "Prefab": {
          "path": "assets/content/items/ammo/patrons/patron_9x19_7n21.bundle",
          "rcid": ""
        },
        "ProjectileCount": 1,
        "QuestItem": false,
        "QuestStashMaxCount": 0,
        "RagFairCommissionModifier": 1,
        "RemoveShellAfterFire": false,
        "RepairCost": 0,
        "RepairSpeed": 0,
        "RicochetChance": 0.05,
        "ShortName": "patron_9x19_PST_gzh",
        "ShowBullet": false,
        "ShowHitEffectOnExplode": false,
        "SpeedRetardation": 0.0001,
        "StackMaxRandom": 40,
        "StackMaxSize": 80,
        "StackMinRandom": 3,
        "StackObjectsCount": 1,
        "StaminaBurnPerDamage": 0.0874,
        "Tracer": true,
        "TracerColor": "red",
        "TracerDistance": 0,
        "Unlootable": false,
        "UnlootableFromSide": [],
        "UnlootableFromSlot": "FirstPrimaryWeapon",
        "UsePrefab": {
          "path": "",
          "rcid": ""
        },
        "Weight": 0.0026,
        "Width": 1,
        "ammoAccr": 35,
        "ammoDist": 0,
        "ammoHear": 0,
        "ammoRec": -15,
        "ammoSfx": "standart",
        "ammoShiftChance": 0,
        "ammoType": "bullet",
        "buckshotBullets": 0,
        "casingEjectPower": 1,
        "casingMass": 10,
        "casingName": "9x18 мм ПМ ПС гс ППО",
        "casingSounds": "pistol_small"
      },
      "_proto": "54527c774bdc2d3f668b4568",
      "_type": "Item"
    },

    "22_AP": {
      "_id": "22_AP",
      "_name": "22_AP",
      "_parent": "5485a8684bdc2da71d8b4567",
      "_props": {
        "AmmoLifeTimeSec": 5,
        "AnimationVariantsNumber": 0,
        "ArmorDamage": 45,
        "ArmorDistanceDistanceDamage": {
          "x": 0,
          "y": 0,
          "z": 0
        },
        "BackgroundColor": "yellow",
        "BallisticCoeficient": 0.068,
        "Blindness": {
          "x": 0,
          "y": 0,
          "z": 0
        },
        "BulletDiameterMilimeters": 5.6,
        "BulletMassGram": 2.6,
        "Caliber": ".22 LR",
        "CanRequireOnRagfair": false,
        "CanSellOnRagfair": true,
        "ConflictingItems": [],
        "Contusion": {
          "x": 0,
          "y": 0,
          "z": 0
        },
        "Damage": 34,
        "Description": "patron_9x19_PST_gzh",
        "Deterioration": 1,
        "DiscardLimit": -1,
        "DiscardingBlock": false,
        "DropSoundType": "None",
        "DurabilityBurnModificator": 1.3,
        "ExamineExperience": 10,
        "ExamineTime": 1,
        "ExaminedByDefault": true,
        "ExplosionStrength": 0,
        "ExplosionType": "",
        "ExtraSizeDown": 0,
        "ExtraSizeForceAdd": false,
        "ExtraSizeLeft": 0,
        "ExtraSizeRight": 0,
        "ExtraSizeUp": 0,
        "FragmentType": "5996f6d686f77467977ba6cc",
        "FragmentationChance": 0.05,
        "FragmentsCount": 0,
        "FuzeArmTimeSec": 0,
        "HasGrenaderComponent": false,
        "HeatFactor": 1.08,
        "HeavyBleedingDelta": 0,
        "Height": 1,
        "HideEntrails": false,
        "InitialSpeed": 301,
        "InsuranceDisabled": false,
        "IsAlwaysAvailableForInsurance": false,
        "IsLightAndSoundShot": false,
        "IsLockedafterEquip": false,
        "IsSpecialSlotOnly": false,
        "IsUnbuyable": false,
        "IsUndiscardable": false,
        "IsUngivable": false,
        "IsUnremovable": false,
        "IsUnsaleable": false,
        "ItemSound": "ammo_singleround",
        "LightAndSoundShotAngle": 0,
        "LightAndSoundShotSelfContusionStrength": 0,
        "LightAndSoundShotSelfContusionTime": 0,
        "LightBleedingDelta": 0,
        "LootExperience": 0,
        "MalfFeedChance": 0.086,
        "MalfMisfireChance": 0.19,
        "MaxExplosionDistance": 0,
        "MaxFragmentsCount": 3,
        "MergesWithChildren": false,
        "MinExplosionDistance": 0,
        "MinFragmentsCount": 1,
        "MisfireChance": 0.03,
        "Name": ".22LR  Red Tracer",
        "NotShownInSlot": false,
        "PenetrationChance": 0.4,
        "PenetrationPower": 30,
        "PenetrationPowerDiviation": 0.8,
        "Prefab": {
          "path": "assets/content/items/ammo/patrons/patron_9x19_7n21.bundle",
          "rcid": ""
        },
        "ProjectileCount": 1,
        "QuestItem": false,
        "QuestStashMaxCount": 0,
        "RagFairCommissionModifier": 1,
        "RemoveShellAfterFire": false,
        "RepairCost": 0,
        "RepairSpeed": 0,
        "RicochetChance": 0.2,
        "ShortName": "patron_9x19_PST_gzh",
        "ShowBullet": false,
        "ShowHitEffectOnExplode": false,
        "SpeedRetardation": 0.0001,
        "StackMaxRandom": 40,
        "StackMaxSize": 80,
        "StackMinRandom": 3,
        "StackObjectsCount": 1,
        "StaminaBurnPerDamage": 0.1374,
        "Tracer": false,
        "TracerColor": "red",
        "TracerDistance": 0,
        "Unlootable": false,
        "UnlootableFromSide": [],
        "UnlootableFromSlot": "FirstPrimaryWeapon",
        "UsePrefab": {
          "path": "",
          "rcid": ""
        },
        "Weight": 0.0026,
        "Width": 1,
        "ammoAccr": 1,
        "ammoDist": 0,
        "ammoHear": 0,
        "ammoRec": 0,
        "ammoSfx": "standart",
        "ammoShiftChance": 0,
        "ammoType": "bullet",
        "buckshotBullets": 0,
        "casingEjectPower": 1,
        "casingMass": 10,
        "casingName": "9x18 мм ПМ ПС гс ППО",
        "casingSounds": "pistol_small"
      },
      "_proto": "54527c774bdc2d3f668b4568",
      "_type": "Item"
    },

    "Ash_12_Gauge": {
      "_id": "Ash_12_Gauge",
      "_name": "Ash_12_Gauge",
      "_parent": "5447b5f14bdc2d61278b4567",
      "_props": {
        "AdjustCollimatorsToTrajectory": false,
        "AimPlane": 0.19,
        "AimSensitivity": 0.65,
        "AllowFeed": true,
        "AllowJam": true,
        "AllowMisfire": true,
        "AllowOverheat": true,
        "AllowSlide": true,
        "AnimationVariantsNumber": 0,
        "BackgroundColor": "black",
        "BaseMalfunctionChance": 0.1771,
        "BoltAction": false,
        "BurstShotsCount": 3,
        "CameraRecoil": 0.1104,
        "CameraSnap": 2.5,
        "CanPutIntoDuringTheRaid": true,
        "CanQueueSecondShot": true,
        "CanRequireOnRagfair": false,
        "CanSellOnRagfair": true,
        "CantRemoveFromSlotsDuringRaid": [],
        "CenterOfImpact": 0.052,
        "Chambers": [
          {
            "_id": "5cadfbf7ae92152ac412eef1",
            "_mergeSlotWithChildren": false,
            "_name": "patron_in_weapon",
            "_parent": "Ash_12_Gauge",
            "_props": {
              "filters": [
                {
                  "Filter": [
                    "560d5e524bdc2d25448b4571",
                    "5d6e6772a4b936088465b17c",
                    "5d6e67fba4b9361bc73bc779",
                    "5d6e6806a4b936088465b17e",
                    "5d6e68dea4b9361bcc29e659",
                    "5d6e6911a4b9361bd5780d52",
                    "5c0d591486f7744c505b416f",
                    "58820d1224597753c90aeb13",
                    "5d6e68c4a4b9361b93413f79",
                    "5d6e68a8a4b9360b6c0d54e2",
                    "5d6e68e6a4b9361c140bcfe0",
                    "5d6e6869a4b9361c140bcfde",
                    "5d6e68b3a4b9361bca7e50b5",
                    "5d6e6891a4b9361bd473feea",
                    "5d6e689ca4b9361bc8618956",
                    "5d6e68d1a4b93622fe60e845",
                    "64b8ee384b75259c590fa89b",
                    "Tracer_Buckshot"
                  ]
                }
              ]
            },
            "_proto": "55d4af244bdc2d962f8b4571",
            "_required": false
          }
        ],
        "CompactHandling": false,
        "ConflictingItems": [],
        "Convergence": 1.2,
        "CoolFactorGun": 3.168,
        "CoolFactorGunMods": 0.9568,
        "Description": "Ash_12_Gauge",
        "DeviationCurve": 1.35,
        "DeviationMax": 10,
        "DiscardLimit": -1,
        "DiscardingBlock": false,
        "DoubleActionAccuracyPenalty": 1.5,
        "DropSoundType": "Rifle",
        "Durability": 100,
        "DurabilityBurnRatio": 1.15,
        "Ergonomics": 65,
        "ExamineExperience": 10,
        "ExamineTime": 1,
        "ExaminedByDefault": true,
        "ExtraSizeDown": 0,
        "ExtraSizeForceAdd": false,
        "ExtraSizeLeft": 0,
        "ExtraSizeRight": 0,
        "ExtraSizeUp": 0,
        "Foldable": false,
        "FoldedSlot": "",
        "Grids": [],
        "HeatFactorByShot": 1.46,
        "HeatFactorGun": 0.8865,
        "Height": 2,
        "HideEntrails": false,
        "HipAccuracyRestorationDelay": 0.2,
        "HipAccuracyRestorationSpeed": 7,
        "HipInnaccuracyGain": 0.16,
        "InsuranceDisabled": false,
        "IronSightRange": 100,
        "IsAlwaysAvailableForInsurance": false,
        "IsBeltMachineGun": false,
        "IsFlareGun": false,
        "IsGrenadeLauncher": false,
        "IsLockedafterEquip": false,
        "IsOneoff": false,
        "IsSpecialSlotOnly": false,
        "IsStationaryWeapon": false,
        "IsUnbuyable": false,
        "IsUndiscardable": false,
        "IsUngivable": false,
        "IsUnremovable": false,
        "IsUnsaleable": false,
        "ItemSound": "weap_ar",
        "LootExperience": 40,
        "ManualBoltCatch": false,
        "MaxDurability": 100,
        "MaxRepairDegradation": 0.04,
        "MaxRepairKitDegradation": 0.035,
        "MergesWithChildren": true,
        "MinRepairDegradation": 0,
        "MinRepairKitDegradation": 0,
        "MustBoltBeOpennedForExternalReload": false,
        "MustBoltBeOpennedForInternalReload": false,
        "Name": "Автомат Калашникова АК-74Н 5.45x39",
        "NoFiremodeOnBoltcatch": false,
        "NotShownInSlot": false,
        "OperatingResource": 4700,
        "Prefab": {
          "path": "assets/content/weapons/ash12/weapon_ckib_ash_12_127x55_container.bundle",
          "rcid": ""
        },
        "QuestItem": false,
        "QuestStashMaxCount": 0,
        "RagFairCommissionModifier": 1,
        "RecoilAngle": 90,
        "RecoilCenter": {
          "x": 0,
          "y": -0.25,
          "z": 0
        },
        "RecoilForceBack": 213,
        "RecoilForceUp": 64,
        "RecoilPosZMult": 1,
        "RecolDispersion": 15,
        "ReloadMode": "ExternalMagazine",
        "RepairComplexity": 0,
        "RepairCost": 469,
        "RepairSpeed": 5,
        "Retractable": false,
        "RotationCenter": {
          "x": 0,
          "y": -0.1,
          "z": -0.03
        },
        "RotationCenterNoStock": {
          "x": 0,
          "y": -0.27,
          "z": -0.08
        },
        "ShortName": "АК-74N 5.45x39",
        "SightingRange": 100,
        "SingleFireRate": 450,
        "SizeReduceRight": 0,
        "Slots": [
          {
            "_id": "5cadfbf7ae92152ac412eef4",
            "_mergeSlotWithChildren": false,
            "_name": "mod_muzzle",
            "_parent": "Ash_12_Gauge",
            "_props": {
              "filters": [
                {
                  "Filter": [
                    "5caf17c9ae92150b30006be1",
                    "5caf187cae92157c28402e43",
                    "58272d7f2459774f6311ddfd",
                    "59fb137a86f7740adb646af1",
                    "576167ab2459773cad038c43",
                    "5b363e1b5acfc4771e1c5e80",
                    "59c0ec5b86f77435b128bfca"
                  ],
                  "Shift": 0
                }
              ]
            },
            "_proto": "55d30c4c4bdc2db4468b457e",
            "_required": false
          },
          {
            "_id": "5cadfbf7ae92152ac412eef7",
            "_mergeSlotWithChildren": false,
            "_name": "mod_sight_rear",
            "_parent": "Ash_12_Gauge",
            "_props": {
              "filters": [
                {
                  "Filter": [
                    "5ba26b17d4351e00367f9bdd",
                    "5dfa3d7ac41b2312ea33362a",
                    "5c1780312e221602b66cc189",
                    "5fb6564947ce63734e3fa1da",
                    "5bc09a18d4351e003562b68e",
                    "5c18b9192e2216398b5a8104",
                    "5fc0fa957283c4046c58147e",
                    "5894a81786f77427140b8347"
                  ],
                  "Shift": 0
                }
              ]
            },
            "_proto": "55d30c4c4bdc2db4468b457e",
            "_required": false
          },
          {
            "_id": "5cadfbf7ae92152ac412eef9",
            "_mergeSlotWithChildren": false,
            "_name": "mod_magazine",
            "_parent": "Ash_12_Gauge",
            "_props": {
              "filters": [
                {
                  "AnimationIndex": -1,
                  "Filter": [
                    "57616a9e2459773c7a400234",
                    "5cf8f3b0d7f00c00217872ef",
                    "5a966f51a2750c00156aacf6"
                  ]
                }
              ]
            },
            "_proto": "55d30c394bdc2dae468b4577",
            "_required": false
          },
          {
            "_id": "5caf1bc1ae921576eb05cc77",
            "_mergeSlotWithChildren": false,
            "_name": "mod_sight_front",
            "_parent": "Ash_12_Gauge",
            "_props": {
              "filters": [
                {
                  "Filter": [
                    "5caf16a2ae92152ac412efbc",
                    "5ba26b01d4351e0085325a51",
                    "5dfa3d950dee1b22f862eae0",
                    "5c17804b2e2216152006c02f",
                    "5fb6567747ce63734e3fa1dc",
                    "5bc09a30d4351e00367fb7c8",
                    "5c18b90d2e2216152142466b",
                    "5fc0fa362770a0045c59c677",
                    "5894a73486f77426d259076c"
                  ],
                  "Shift": 0
                }
              ]
            },
            "_proto": "55d30c4c4bdc2db4468b457e",
            "_required": false
          },
          {
            "_id": "5caf1bd5ae9215755f417da1",
            "_mergeSlotWithChildren": false,
            "_name": "mod_handguard",
            "_parent": "Ash_12_Gauge",
            "_props": {
              "filters": [
                {
                  "Filter": [
                    "5c7fc87d2e221644f31c0298",
                    "5cda9bcfd7f00c0c0b53e900",
                    "59f8a37386f7747af3328f06",
                    "5a7dbfc1159bd40016548fde",
                    "619386379fb0c665d5490dbe",
                    "5c87ca002e221600114cb150",
                    "588226d124597767ad33f787",
                    "588226dd24597767ad33f789",
                    "588226e62459776e3e094af7",
                    "588226ef24597767af46e39c",
                    "59fc48e086f77463b1118392",
                    "5fce0cf655375d18a253eff0",
                    "5cf4fb76d7f00c065703d3ac",
                    "5b057b4f5acfc4771e1bd3e9",
                    "5c791e872e2216001219c40a",
                    "558032614bdc2de7118b4585",
                    "58c157be86f77403c74b2bb6",
                    "58c157c886f774032749fb06",
                    "5f6340d3ca442212f4047eb2",
                    "591af28e86f77414a27a9e1d",
                    "5c1cd46f2e22164bef5cfedb",
                    "5c1bc4812e22164bef5cfde7",
                    "5c1bc5612e221602b5429350",
                    "5c1bc5af2e221602b412949b",
                    "5c1bc5fb2e221602b1779b32",
                    "5c1bc7432e221602b412949d",
                    "5c1bc7752e221602b1779b34",
                    "5cdaa99dd7f00c002412d0b2"
                  ],
                  "Shift": 0
                }
              ]
            },
            "_proto": "55d30c4c4bdc2db4468b457e",
            "_required": false
          },
          {
            "_id": "5cc08743ae921547db318b9b",
            "_mergeSlotWithChildren": false,
            "_name": "mod_scope",
            "_parent": "Ash_12_Gauge",
            "_props": {
              "filters": [
                {
                  "Filter": [
                    "57ac965c24597706be5f975c",
                    "57aca93d2459771f2c7e26db",
                    "544a3f024bdc2d1d388b4568",
                    "544a3a774bdc2d3a388b4567",
                    "5d2dc3e548f035404a1a4798",
                    "57adff4f24597737f373b6e6",
                    "5c0517910db83400232ffee5",
                    "591c4efa86f7741030027726",
                    "570fd79bd2720bc7458b4583",
                    "570fd6c2d2720bc6458b457f",
                    "558022b54bdc2dac148b458d",
                    "5c07dd120db834001c39092d",
                    "5c0a2cec0db834001b7ce47d",
                    "58491f3324597764bc48fa02",
                    "584924ec24597768f12ae244",
                    "5b30b0dc5acfc400153b7124",
                    "6165ac8c290d254f5e6b2f6c",
                    "60a23797a37c940de7062d02",
                    "5d2da1e948f035477b1ce2ba",
                    "5c0505e00db834001b735073",
                    "609a63b6e2ff132951242d09",
                    "584984812459776a704a82a6",
                    "59f9d81586f7744c7506ee62",
                    "570fd721d2720bc5458b4596",
                    "57ae0171245977343c27bfcf",
                    "5caf1691ae92152ac412efb9",
                    "5dfe6104585a0c3e995c7b82",
                    "5d1b5e94d7ad1a2b865a96b0",
                    "609bab8b455afd752b2e6138",
                    "58d39d3d86f77445bb794ae7",
                    "616554fe50224f204c1da2aa",
                    "5c7d55f52e221644f31bff6a",
                    "616584766ef05c2ce828ef57",
                    "5b3b6dc75acfc47a8773fb1e",
                    "615d8d878004cc50514c3233",
                    "5b2389515acfc4771e1be0c0",
                    "577d128124597739d65d0e56",
                    "618b9643526131765025ab35",
                    "618bab21526131765025ab3f",
                    "5c86592b2e2216000e69e77c",
                    "5a37ca54c4a282000d72296a",
                    "5d0a29fed7ad1a002769ad08",
                    "5c064c400db834001d23f468",
                    "58d2664f86f7747fec5834f6",
                    "57c69dd424597774c03b7bbc",
                    "5b3b99265acfc4704b4a1afb",
                    "5aa66a9be5b5b0214e506e89",
                    "5aa66c72e5b5b00016327c93",
                    "5c1cdd302e221602b3137250",
                    "61714b2467085e45ef140b2c",
                    "6171407e50224f204c1da3c5",
                    "61713cc4d8e3106d9806c109",
                    "5b31163c5acfc400153b71cb",
                    "5a33b652c4a28232996e407c",
                    "5a33b2c9c4a282000c5a9511",
                    "59db7eed86f77461f8380365",
                    "5a1ead28fcdbcb001912fa9f",
                    "626bb8532c923541184624b4",
                    "62811f461d5df4475f46a332",
                    "63fc449f5bd61c6cf3784a88",
                    "6477772ea8a38bb2050ed4db",
                    "6478641c19d732620e045e17",
                    "64785e7c19d732620e045e15"
                  ],
                  "Shift": 0
                }
              ]
            },
            "_proto": "55d30c4c4bdc2db4468b457e",
            "_required": false
          },
          {
            "_id": "5cc087c1ae92150010399ab0",
            "_mergeSlotWithChildren": false,
            "_name": "mod_tactical_000",
            "_parent": "Ash_12_Gauge",
            "_props": {
              "filters": [
                {
                  "Filter": [
                    "57fd23e32459772d0805bcf1",
                    "544909bb4bdc2d6f028b4577",
                    "5c06595c0db834001a66af6c",
                    "5a7b483fe899ef0016170d15",
                    "61605d88ffa6e502ac5e7eeb",
                    "5c5952732e2216398b5abda2",
                    "644a3df63b0b6f03e101e065"
                  ],
                  "Shift": 0
                }
              ]
            },
            "_proto": "55d30c4c4bdc2db4468b457e",
            "_required": false
          },
          {
            "_id": "5cc087c9ae921547db318b9c",
            "_mergeSlotWithChildren": false,
            "_name": "mod_tactical_001",
            "_parent": "Ash_12_Gauge",
            "_props": {
              "filters": [
                {
                  "Filter": [
                    "5a800961159bd4315e3a1657",
                    "57fd23e32459772d0805bcf1",
                    "544909bb4bdc2d6f028b4577",
                    "5c06595c0db834001a66af6c",
                    "5cc9c20cd7f00c001336c65d",
                    "5d2369418abbc306c62e0c80",
                    "5b07dd285acfc4001754240d",
                    "56def37dd2720bec348b456a",
                    "5a7b483fe899ef0016170d15",
                    "61605d88ffa6e502ac5e7eeb",
                    "5a5f1ce64f39f90b401987bc",
                    "560d657b4bdc2da74d8b4572",
                    "5b3a337e5acfc4704b4a19a0",
                    "5c5952732e2216398b5abda2",
                    "57d17e212459775a1179a0f5",
                    "6267c6396b642f77f56f5c1c",
                    "6272370ee4013c5d7e31f418",
                    "6272379924e29f06af4d5ecb",
                    "626becf9582c3e319310b837",
                    "644a3df63b0b6f03e101e065"
                  ],
                  "Shift": 0
                }
              ]
            },
            "_proto": "55d30c4c4bdc2db4468b457e",
            "_required": false
          },
          {
            "_id": "5cc087d0ae921500dc1fc310",
            "_mergeSlotWithChildren": false,
            "_name": "mod_tactical_002",
            "_parent": "Ash_12_Gauge",
            "_props": {
              "filters": [
                {
                  "Filter": [
                    "5a800961159bd4315e3a1657",
                    "57fd23e32459772d0805bcf1",
                    "544909bb4bdc2d6f028b4577",
                    "5c06595c0db834001a66af6c",
                    "5cc9c20cd7f00c001336c65d",
                    "5d2369418abbc306c62e0c80",
                    "5b07dd285acfc4001754240d",
                    "56def37dd2720bec348b456a",
                    "5a7b483fe899ef0016170d15",
                    "61605d88ffa6e502ac5e7eeb",
                    "5a5f1ce64f39f90b401987bc",
                    "560d657b4bdc2da74d8b4572",
                    "5b3a337e5acfc4704b4a19a0",
                    "5c5952732e2216398b5abda2",
                    "57d17e212459775a1179a0f5",
                    "6267c6396b642f77f56f5c1c",
                    "6272370ee4013c5d7e31f418",
                    "6272379924e29f06af4d5ecb",
                    "626becf9582c3e319310b837",
                    "644a3df63b0b6f03e101e065"
                  ],
                  "Shift": 0
                }
              ]
            },
            "_proto": "55d30c4c4bdc2db4468b457e",
            "_required": false
          }
        ],
        "StackMaxSize": 1,
        "StackObjectsCount": 1,
        "TacticalReloadFixation": 0.95,
        "TacticalReloadStiffnes": {
          "x": 0.95,
          "y": 0.33,
          "z": 0.95
        },
        "Unlootable": false,
        "UnlootableFromSide": [],
        "UnlootableFromSlot": "FirstPrimaryWeapon",
        "UsePrefab": {
          "path": "",
          "rcid": ""
        },
        "Velocity": 1.1,
        "Weight": 5.1,
        "Width": 4,
        "ammoCaliber": "Caliber12g",
        "bEffDist": 70,
        "bFirerate": 650,
        "bHearDist": 140,
        "chamberAmmoCount": 1,
        "defAmmo": "560d5e524bdc2d25448b4571",
        "defMagType": "57616a9e2459773c7a400234",
        "durabSpawnMax": 75,
        "durabSpawnMin": 25,
        "isBoltCatch": false,
        "isChamberLoad": true,
        "isFastReload": true,
        "shotgunDispersion": 1.45,
        "weapClass": "assaultRifle",
        "weapFireType": [
          "single",
          "fullauto",
          "burst"
        ],
        "weapUseType": "primary"
      },
      "_proto": "5447a9cd4bdc2dbd208b4567",
      "_type": "Item"
    }
}