{
    "Tracer_Buckshot": [
        [
            {
                "count": 111,
                "_tpl": "5449016a4bdc2d6f028b456f"
            }
        ]
    ],
    "22_Standard_velocity": [
        [
            {
                "count": 48.3,
                "_tpl": "5449016a4bdc2d6f028b456f"
            }
        ]
    ],
    "22_High_Velocity": [
        [
            {
                "count": 62.66,
                "_tpl": "5449016a4bdc2d6f028b456f"
            }
        ]
    ],
    "22_Hyper_Velocity": [
        [
            {
                "count": 65,
                "_tpl": "5449016a4bdc2d6f028b456f"
            }
        ]
    ],
    "22_Subsonic": [
        [
            {
                "count": 35.88,
                "_tpl": "5449016a4bdc2d6f028b456f"
            }
        ]
    ],
    "22_Green_Tracer": [
        [
            {
                "count": 50.37,
                "_tpl": "5449016a4bdc2d6f028b456f"
            }
        ]
    ],
    "22_Red_Tracer": [
        [
            {
                "count": 50.37,
                "_tpl": "5449016a4bdc2d6f028b456f"
            }
        ]
    ],
    "22_Yellow_Tracer": [
        [
            {
                "count": 50.37,
                "_tpl": "5449016a4bdc2d6f028b456f"
            }
        ]
    ],
    "22_AP": [
        [
            {
                "count": 97.69,
                "_tpl": "5449016a4bdc2d6f028b456f"
            }
        ]
    ],
    "Ruger_Offer": [
        [
            {
                "count": 37933,
                "_tpl": "5449016a4bdc2d6f028b456f"
            }
        ]
    ],
    "Ash_12_Gauge_Offer": [
        [
            {
                "count": 51200,
                "_tpl": "5449016a4bdc2d6f028b456f"
            }
        ]
    ],
    "Ruger_45_Mag": [
        [
            {
                "count": 3382,
                "_tpl": "5449016a4bdc2d6f028b456f"
            }
        ]
    ],
    "22_Barrel_510mm": [
        [
            {
                "count": 6983,
                "_tpl": "5449016a4bdc2d6f028b456f"
            }
        ]
    ]
}