{
    "list": [
        {
            "_id": "Tracer_Buckshot",
            "_tpl": "Tracer_Buckshot",
            "parentId": "hideout",
            "slotId": "hideout",
            "upd": {
				"StackObjectsCount": 69420,
				"BuyRestrictionMax": 500,
				"BuyRestrictionCurrent": 0
            }
        },
        {
            "_id": "22_Standard_velocity",
            "_tpl": "22_Standard_velocity",
            "parentId": "hideout",
            "slotId": "hideout",
            "upd": {
				"StackObjectsCount": 69420,
				"BuyRestrictionMax": 2200,
				"BuyRestrictionCurrent": 0
            }
        },
        {
            "_id": "22_High_Velocity",
            "_tpl": "22_High_Velocity",
            "parentId": "hideout",
            "slotId": "hideout",
            "upd": {
				"StackObjectsCount": 69420,
				"BuyRestrictionMax": 2200,
				"BuyRestrictionCurrent": 0
            }
        },
        {
            "_id": "22_Hyper_Velocity",
            "_tpl": "22_Hyper_Velocity",
            "parentId": "hideout",
            "slotId": "hideout",
            "upd": {
				"StackObjectsCount": 69420,
				"BuyRestrictionMax": 2200,
				"BuyRestrictionCurrent": 0
            }
        },
        {
            "_id": "22_Subsonic",
            "_tpl": "22_Subsonic",
            "parentId": "hideout",
            "slotId": "hideout",
            "upd": {
				"StackObjectsCount": 69420,
				"BuyRestrictionMax": 2200,
				"BuyRestrictionCurrent": 0
            }
        },
        {
            "_id": "22_Green_Tracer",
            "_tpl": "22_Green_Tracer",
            "parentId": "hideout",
            "slotId": "hideout",
            "upd": {
				"StackObjectsCount": 69420,
				"BuyRestrictionMax": 2200,
				"BuyRestrictionCurrent": 0
            }
        },
        {
            "_id": "22_Red_Tracer",
            "_tpl": "22_Red_Tracer",
            "parentId": "hideout",
            "slotId": "hideout",
            "upd": {
				"StackObjectsCount": 69420,
				"BuyRestrictionMax": 2200,
				"BuyRestrictionCurrent": 0
            }
        },
        {
            "_id": "22_Yellow_Tracer",
            "_tpl": "22_Yellow_Tracer",
            "parentId": "hideout",
            "slotId": "hideout",
            "upd": {
				"StackObjectsCount": 69420,
				"BuyRestrictionMax": 2200,
				"BuyRestrictionCurrent": 0
            }
        },
        {
          "_id": "22_AP",
          "_tpl": "22_AP",
          "parentId": "hideout",
          "slotId": "hideout",
          "upd": {
      "StackObjectsCount": 69420,
      "BuyRestrictionMax": 2200,
      "BuyRestrictionCurrent": 0
          }
        },
        {
            "_id": "Ruger_Offer",
            "_tpl": "J_Ruger",
            "parentId": "hideout",
            "slotId": "hideout",
            "upd": {
              "BuyRestrictionCurrent": 0,
              "BuyRestrictionMax": 5,
              "FireMode": {
                "FireMode": "Burst"
              },
              "StackObjectsCount": 1964
            }
          },
          {
            "_id": "Ruger_Offer1",
            "_tpl": "Ruger_45_Mag",
            "parentId": "Ruger_Offer",
            "slotId": "mod_magazine"
          },
          {
            "_id": "Ruger_Offer2",
            "_tpl": "22_Barrel_510mm",
            "parentId": "Ruger_Offer",
            "slotId": "mod_barrel"
          },
          {
            "_id": "Ruger_Offer3",
            "_tpl": "5bfeb32b0db834001a6694d9",
            "parentId": "Ruger_Offer",
            "slotId": "mod_stock"
          },
          {
            "_id": "Ash_12_Gauge_Offer",
            "_tpl": "Ash_12_Gauge",
            "parentId": "hideout",
            "slotId": "hideout",
            "upd": {
              "BuyRestrictionCurrent": 0,
              "BuyRestrictionMax": 3,
              "FireMode": {
                "FireMode": "Single"
              },
              "StackObjectsCount": 144
            }
          },
          {
            "_id": "Ash_12_Gauge_Offer1",
            "_tpl": "57616a9e2459773c7a400234",
            "parentId": "Ash_12_Gauge_Offer",
            "slotId": "mod_magazine"
          },
          {
            "_id": "Ash_12_Gauge_Offer2",
            "_tpl": "576167ab2459773cad038c43",
            "parentId": "Ash_12_Gauge_Offer",
            "slotId": "mod_muzzle"
          },
          {
            "_id": "Ash_12_Gauge_Offer3",
            "_tpl": "5bc09a18d4351e003562b68e",
            "parentId": "Ash_12_Gauge_Offer",
            "slotId": "mod_sight_rear"
          },
          {
            "_id": "Ash_12_Gauge_Offer4",
            "_tpl": "5bc09a30d4351e00367fb7c8",
            "parentId": "Ash_12_Gauge_Offer",
            "slotId": "mod_sight_front"
          }
    ]
}