{
    "list": [
        {
            "_id": "J_Vitamins",
            "_tpl": "J_Vitamins",
            "parentId": "hideout",
            "slotId": "hideout",
            "upd": {
				"StackObjectsCount": 69420,
				"BuyRestrictionMax": 6,
				"BuyRestrictionCurrent": 0
            }
        },
        {
            "_id": "TherapistRedFlare",
            "_tpl": "62178c4d4ecf221597654e3d",
            "parentId": "hideout",
            "slotId": "hideout",
            "upd": {
				"StackObjectsCount": 69420,
				"BuyRestrictionMax": 6,
				"BuyRestrictionCurrent": 0
            }
        }
    ]
}